{"lr-Adam": 9.81013835793043e-05, "trainer/global_step": 239, "_timestamp": 1657608113, "_runtime": 605, "_step": 48, "Train/Loss_step": 0.040323060005903244, "epoch": 0}